{
    "shape": [
        4,
        4
    ],
    "ordering": [
        24,
        12,
        25,
        1,
        13,
        26,
        14,
        27,
        3,
        31,
        17,
        2,
        30,
        16,
        5,
        29,
        15,
        0,
        28,
        4,
        32,
        18,
        9,
        33,
        19,
        6,
        34,
        20,
        7,
        35,
        11,
        39,
        23,
        10,
        38,
        22,
        37,
        21,
        8,
        36
    ],
    "hopping_constant": 0.1,
    "onsite_constant": 1,
    "dt": 0.01,
    "num_timesteps_for_alpha": 100,
    "num_timesteps_before_measurement": 10,
    "mps_simulation_time": 17.369975090026855,
    "initial_max_bond_dim": 50,
    "num_nonzero_states": 200,
    "adiabatic_circ_generation_time": 1349.3248798847198,
    "adiabatic_step_num_2qubit_gates": 269112,
    "evolution_circ_generation_time": 1083.7765843868256,
    "evolution_step_num_2qubit_gates": 269112
}